Flaschen_ID,y_hat
1,21.949999999999996
2,21.29749999999997
3,22.602500000000028
